{"energies": [-0.5052397607361624, -1.1536175973796396, -1.7410451242943388, -2.2787679105523404, -2.780619148263974, -3.2664398995936104, -3.7643115579700352, -4.283444709562516, -4.8014071271831655, -5.284060339997654, -5.711693724669082, -6.088244234775454, -6.422193166490341, -6.717270734107171, -6.980295272142159, -7.222490042404664, -7.454035804587546, -7.682029198120366, -7.908451423122665, -8.126908822021516, -8.323168844740032, -8.482544191552787, -8.600388959064711, -8.684106702161454, -8.745108093960171, -8.792827980322935, -8.833907742808051, -8.872660567997665, -8.910850872518512, -8.948133687775067, -8.983968181767041, -9.019110231466762, -9.055353066776519, -9.093565582883663, -9.131824539113449, -9.16598699807085, -9.192506138966161, -9.210861074215618, -9.22342572223796, -9.233226477676226, -9.241971978422766, -9.249886853232907, -9.25672094122895, -9.262458983665818, -9.267279635857745, -9.271431091830456, -9.275377944913012, -9.279801632830678, -9.28518359499685, -9.291405890203276, -9.297870091835954, -9.303960974437867, -9.30928558081805, -9.313562383758251, -9.316602832003984, -9.318558766806985, -9.320014755626735, -9.321646104935587, -9.323803667288958, -9.326472064812936, -9.329496445875943, -9.33270793537326, -9.335903094939571, -9.338890610470154, -9.341608440118742, -9.34411309074094, -9.346444830150768, -9.34858465269301, -9.350542265755793, -9.35238647861467, -9.354159717860313, -9.355841659177898, -9.357427632647193, -9.358972724037347, -9.360523003441115, -9.362053213870498, -9.363494238292162, -9.364780005506292, -9.365863312539348, -9.366739567866379, -9.367469032862354, -9.368135028886606, -9.368771946808058, -9.36936427462625, -9.369908080894678, -9.370434594998633, -9.370976179131219, -9.371539648706813, -9.372109158200386, -9.372655879015324, -9.37315685454188, -9.373621597242861, -9.374089080422879, -9.374589676378017, -9.375122093167814, -9.375667347116053, -9.376207534840905, -9.37673126731959, -9.377237205762016, -9.377733284426819, -9.378224617313013], "exact": -9.837951447459439, "time": 0.28537702560424805}