{
  "ghz_4": {
    "hash": "a56addf9c5311327",
    "norm": 0.9999999999999999,
    "ez0": 0.0,
    "p0": 0.5,
    "time_ms": 0.07,
    "n_qubits": 4,
    "n_ops": 4
  },
  "ghz_12": {
    "hash": "22f89030d70ae315",
    "norm": 0.9999999999999999,
    "ez0": 0.0,
    "p0": 0.5,
    "time_ms": 0.192,
    "n_qubits": 12,
    "n_ops": 12
  },
  "ghz_20": {
    "hash": "b59c76def854a897",
    "norm": 0.9999999999999999,
    "ez0": 0.0,
    "p0": 0.5,
    "time_ms": 0.595,
    "n_qubits": 20,
    "n_ops": 20
  },
  "ghz_23": {
    "hash": "4c667f22768b9764",
    "norm": 0.9999999999999999,
    "ez0": 0.0,
    "p0": 0.5,
    "time_ms": 11.646,
    "n_qubits": 23,
    "n_ops": 23
  },
  "qft_4": {
    "hash": "2d695001dafa9431",
    "norm": 0.9999999999999997,
    "ez0": -0.0,
    "p0": 0.0625,
    "time_ms": 0.098,
    "n_qubits": 4,
    "n_ops": 10
  },
  "qft_10": {
    "hash": "2025f54d0f3f6943",
    "norm": 0.9999999999999999,
    "ez0": 0.0,
    "p0": 0.0009765625,
    "time_ms": 0.579,
    "n_qubits": 10,
    "n_ops": 55
  },
  "qft_16": {
    "hash": "92a58f255ceb7876",
    "norm": 0.9999999999999999,
    "ez0": -0.0,
    "p0": 1.5258789e-05,
    "time_ms": 18.536,
    "n_qubits": 16,
    "n_ops": 136
  },
  "hea_8": {
    "hash": "fdb593c6a6cd4cd1",
    "norm": 0.9999999999999999,
    "ez0": -0.224571461237,
    "p0": 0.003330226174,
    "time_ms": 1.336,
    "n_qubits": 8,
    "n_ops": 115
  },
  "hea_14": {
    "hash": "3d174b521b61fa23",
    "norm": 1.0000000000000007,
    "ez0": -0.261529033383,
    "p0": 3.856347e-06,
    "time_ms": 1.141,
    "n_qubits": 14,
    "n_ops": 205
  },
  "hea_20": {
    "hash": "092778ce13e188f0",
    "norm": 0.9999999999999997,
    "ez0": 0.443463337154,
    "p0": 6.39594e-07,
    "time_ms": 143.38,
    "n_qubits": 20,
    "n_ops": 295
  },
  "clifford_t_10": {
    "hash": "1ba6148baf6fe60d",
    "norm": 0.9999999999999939,
    "ez0": -0.021149271728,
    "p0": 0.000982902164,
    "time_ms": 2.205,
    "n_qubits": 10,
    "n_ops": 299
  },
  "clifford_t_16": {
    "hash": "aa46f7799620dc0e",
    "norm": 0.999999999999988,
    "ez0": 0.125,
    "p0": 1.6944919e-05,
    "time_ms": 47.952,
    "n_qubits": 16,
    "n_ops": 480
  },
  "toffoli_6": {
    "hash": "dca70eaf161f0bf0",
    "norm": 0.9999999999999998,
    "ez0": -0.0,
    "p0": 0.015625,
    "time_ms": 0.121,
    "n_qubits": 6,
    "n_ops": 10
  },
  "toffoli_10": {
    "hash": "2025f54d0f3f6943",
    "norm": 0.9999999999999999,
    "ez0": 0.0,
    "p0": 0.0009765625,
    "time_ms": 0.157,
    "n_qubits": 10,
    "n_ops": 18
  },
  "diag_12": {
    "hash": "0a3b612583d9d387",
    "norm": 0.9999999999999987,
    "ez0": 0.0,
    "p0": 0.000244140625,
    "time_ms": 1.773,
    "n_qubits": 12,
    "n_ops": 362
  },
  "diag_20": {
    "hash": "8840ca8745432f18",
    "norm": 0.9999999999999981,
    "ez0": 0.0,
    "p0": 9.53674e-07,
    "time_ms": 207.479,
    "n_qubits": 20,
    "n_ops": 610
  },
  "qaoa_12": {
    "hash": "85402f9b01fe65a1",
    "norm": 0.999999999999999,
    "ez0": -0.0,
    "p0": 5.4607813e-05,
    "time_ms": 2.313,
    "n_qubits": 12,
    "n_ops": 127
  },
  "qaoa_18": {
    "hash": "13a2e3be70b11cc4",
    "norm": 0.9999999999999988,
    "ez0": 0.0,
    "p0": 9.014028e-06,
    "time_ms": 85.448,
    "n_qubits": 18,
    "n_ops": 193
  },
  "random_12": {
    "hash": "d1167423e947ed41",
    "norm": 0.9999999999999993,
    "ez0": -0.29933235129,
    "p0": 0.000546288345,
    "time_ms": 4.618,
    "n_qubits": 12,
    "n_ops": 372
  },
  "random_18": {
    "hash": "4d17c6c7da918309",
    "norm": 0.9999999999999994,
    "ez0": 0.184653125518,
    "p0": 9.171861e-06,
    "time_ms": 195.978,
    "n_qubits": 18,
    "n_ops": 564
  },
  "swap_route_12": {
    "hash": "7a18e1445028d683",
    "norm": 1.0000000000000007,
    "ez0": -0.522147849072,
    "p0": 8.734443e-06,
    "time_ms": 2.223,
    "n_qubits": 12,
    "n_ops": 296
  },
  "swap_route_18": {
    "hash": "5365ca62d6d26fe1",
    "norm": 0.9999999999999993,
    "ez0": -0.738010369152,
    "p0": 5.9276e-08,
    "time_ms": 54.556,
    "n_qubits": 18,
    "n_ops": 734
  }
}