{
  "ghz_4": {
    "hash": "a56addf9c5311327",
    "norm": 0.9999999999999999,
    "ez0": 0.0,
    "p0": 0.5,
    "time_ms": 0.1,
    "n_qubits": 4,
    "n_ops": 4
  },
  "ghz_12": {
    "hash": "22f89030d70ae315",
    "norm": 0.9999999999999999,
    "ez0": 0.0,
    "p0": 0.5,
    "time_ms": 0.099,
    "n_qubits": 12,
    "n_ops": 12
  },
  "ghz_20": {
    "hash": "b59c76def854a897",
    "norm": 0.9999999999999999,
    "ez0": 0.0,
    "p0": 0.5,
    "time_ms": 0.672,
    "n_qubits": 20,
    "n_ops": 20
  },
  "ghz_23": {
    "hash": "4c667f22768b9764",
    "norm": 0.9999999999999999,
    "ez0": 0.0,
    "p0": 0.5,
    "time_ms": 12.621,
    "n_qubits": 23,
    "n_ops": 23
  },
  "qft_4": {
    "hash": "2d695001dafa9431",
    "norm": 0.9999999999999997,
    "ez0": -0.0,
    "p0": 0.0625,
    "time_ms": 0.044,
    "n_qubits": 4,
    "n_ops": 10
  },
  "qft_10": {
    "hash": "2025f54d0f3f6943",
    "norm": 0.9999999999999999,
    "ez0": 0.0,
    "p0": 0.0009765625,
    "time_ms": 0.576,
    "n_qubits": 10,
    "n_ops": 55
  },
  "qft_16": {
    "hash": "92a58f255ceb7876",
    "norm": 0.9999999999999999,
    "ez0": -0.0,
    "p0": 1.5258789e-05,
    "time_ms": 13.828,
    "n_qubits": 16,
    "n_ops": 136
  },
  "hea_8": {
    "hash": "fdb593c6a6cd4cd1",
    "norm": 0.9999999999999999,
    "ez0": -0.224571461237,
    "p0": 0.003330226174,
    "time_ms": 0.549,
    "n_qubits": 8,
    "n_ops": 115
  },
  "hea_14": {
    "hash": "4759c9b8ebc19104",
    "norm": 1.0000000000000004,
    "ez0": -0.261529033383,
    "p0": 3.856347e-06,
    "time_ms": 5.327,
    "n_qubits": 14,
    "n_ops": 205
  },
  "hea_20": {
    "hash": "1e4f84f4775c50d7",
    "norm": 0.9999999999999998,
    "ez0": 0.443463337154,
    "p0": 6.39594e-07,
    "time_ms": 224.984,
    "n_qubits": 20,
    "n_ops": 295
  },
  "clifford_t_10": {
    "hash": "52421a927d606f39",
    "norm": 0.9999999999999942,
    "ez0": -0.021149271728,
    "p0": 0.000982902164,
    "time_ms": 1.914,
    "n_qubits": 10,
    "n_ops": 299
  },
  "clifford_t_16": {
    "hash": "3b6da76fc3423c25",
    "norm": 0.9999999999999887,
    "ez0": 0.125,
    "p0": 1.6944919e-05,
    "time_ms": 54.042,
    "n_qubits": 16,
    "n_ops": 480
  },
  "toffoli_6": {
    "hash": "dca70eaf161f0bf0",
    "norm": 0.9999999999999998,
    "ez0": -0.0,
    "p0": 0.015625,
    "time_ms": 0.121,
    "n_qubits": 6,
    "n_ops": 10
  },
  "toffoli_10": {
    "hash": "2025f54d0f3f6943",
    "norm": 0.9999999999999999,
    "ez0": 0.0,
    "p0": 0.0009765625,
    "time_ms": 0.186,
    "n_qubits": 10,
    "n_ops": 18
  },
  "diag_12": {
    "hash": "db7d8810fa9d25e2",
    "norm": 0.9999999999999988,
    "ez0": 0.0,
    "p0": 0.000244140625,
    "time_ms": 4.416,
    "n_qubits": 12,
    "n_ops": 362
  },
  "diag_20": {
    "hash": "7c48a6c442314ef9",
    "norm": 0.999999999999998,
    "ez0": -0.0,
    "p0": 9.53674e-07,
    "time_ms": 285.122,
    "n_qubits": 20,
    "n_ops": 610
  }
}