{
  "ghz_4": {
    "hash": "a56addf9c5311327",
    "norm": 0.9999999999999999,
    "ez0": 0.0,
    "p0": 0.5,
    "time_ms": 0.037,
    "n_qubits": 4,
    "n_ops": 4
  },
  "ghz_12": {
    "hash": "22f89030d70ae315",
    "norm": 0.9999999999999999,
    "ez0": 0.0,
    "p0": 0.5,
    "time_ms": 0.213,
    "n_qubits": 12,
    "n_ops": 12
  },
  "ghz_20": {
    "hash": "b59c76def854a897",
    "norm": 0.9999999999999999,
    "ez0": 0.0,
    "p0": 0.5,
    "time_ms": 0.622,
    "n_qubits": 20,
    "n_ops": 20
  },
  "ghz_23": {
    "hash": "4c667f22768b9764",
    "norm": 0.9999999999999999,
    "ez0": 0.0,
    "p0": 0.5,
    "time_ms": 11.978,
    "n_qubits": 23,
    "n_ops": 23
  },
  "qft_4": {
    "hash": "2d695001dafa9431",
    "norm": 0.9999999999999997,
    "ez0": -0.0,
    "p0": 0.0625,
    "time_ms": 0.045,
    "n_qubits": 4,
    "n_ops": 10
  },
  "qft_10": {
    "hash": "2025f54d0f3f6943",
    "norm": 0.9999999999999999,
    "ez0": 0.0,
    "p0": 0.0009765625,
    "time_ms": 0.25,
    "n_qubits": 10,
    "n_ops": 55
  },
  "qft_16": {
    "hash": "92a58f255ceb7876",
    "norm": 0.9999999999999999,
    "ez0": -0.0,
    "p0": 1.5258789e-05,
    "time_ms": 17.091,
    "n_qubits": 16,
    "n_ops": 136
  },
  "hea_8": {
    "hash": "fdb593c6a6cd4cd1",
    "norm": 0.9999999999999999,
    "ez0": -0.224571461237,
    "p0": 0.003330226174,
    "time_ms": 1.3,
    "n_qubits": 8,
    "n_ops": 115
  },
  "hea_14": {
    "hash": "4759c9b8ebc19104",
    "norm": 1.0000000000000004,
    "ez0": -0.261529033383,
    "p0": 3.856347e-06,
    "time_ms": 5.546,
    "n_qubits": 14,
    "n_ops": 205
  },
  "hea_20": {
    "hash": "1e4f84f4775c50d7",
    "norm": 0.9999999999999998,
    "ez0": 0.443463337154,
    "p0": 6.39594e-07,
    "time_ms": 386.815,
    "n_qubits": 20,
    "n_ops": 295
  },
  "clifford_t_10": {
    "hash": "3043012932b1edc6",
    "norm": 0.9999999999999941,
    "ez0": -0.021149271728,
    "p0": 0.000982902164,
    "time_ms": 2.458,
    "n_qubits": 10,
    "n_ops": 299
  },
  "clifford_t_16": {
    "hash": "721caacc4f40bba1",
    "norm": 0.9999999999999886,
    "ez0": 0.125,
    "p0": 1.6944919e-05,
    "time_ms": 69.071,
    "n_qubits": 16,
    "n_ops": 480
  },
  "toffoli_6": {
    "hash": "dca70eaf161f0bf0",
    "norm": 0.9999999999999998,
    "ez0": -0.0,
    "p0": 0.015625,
    "time_ms": 0.124,
    "n_qubits": 6,
    "n_ops": 10
  },
  "toffoli_10": {
    "hash": "2025f54d0f3f6943",
    "norm": 0.9999999999999999,
    "ez0": 0.0,
    "p0": 0.0009765625,
    "time_ms": 0.178,
    "n_qubits": 10,
    "n_ops": 18
  },
  "diag_12": {
    "hash": "1b268a5d1c3df462",
    "norm": 0.9999999999999987,
    "ez0": -0.0,
    "p0": 0.000244140625,
    "time_ms": 3.98,
    "n_qubits": 12,
    "n_ops": 362
  },
  "diag_20": {
    "hash": "85862d46253288e4",
    "norm": 0.9999999999999981,
    "ez0": -0.0,
    "p0": 9.53674e-07,
    "time_ms": 635.292,
    "n_qubits": 20,
    "n_ops": 610
  }
}