{
  "ghz_4": {
    "hash": "a56addf9c5311327",
    "norm": 0.9999999999999999,
    "ez0": 0.0,
    "p0": 0.5,
    "time_ms": 0.032,
    "n_qubits": 4,
    "n_ops": 4
  },
  "ghz_12": {
    "hash": "22f89030d70ae315",
    "norm": 0.9999999999999999,
    "ez0": 0.0,
    "p0": 0.5,
    "time_ms": 0.096,
    "n_qubits": 12,
    "n_ops": 12
  },
  "ghz_20": {
    "hash": "b59c76def854a897",
    "norm": 0.9999999999999999,
    "ez0": 0.0,
    "p0": 0.5,
    "time_ms": 0.675,
    "n_qubits": 20,
    "n_ops": 20
  },
  "ghz_23": {
    "hash": "4c667f22768b9764",
    "norm": 0.9999999999999999,
    "ez0": 0.0,
    "p0": 0.5,
    "time_ms": 11.183,
    "n_qubits": 23,
    "n_ops": 23
  },
  "qft_4": {
    "hash": "2d695001dafa9431",
    "norm": 0.9999999999999997,
    "ez0": -0.0,
    "p0": 0.0625,
    "time_ms": 0.102,
    "n_qubits": 4,
    "n_ops": 10
  },
  "qft_10": {
    "hash": "2025f54d0f3f6943",
    "norm": 0.9999999999999999,
    "ez0": 0.0,
    "p0": 0.0009765625,
    "time_ms": 0.621,
    "n_qubits": 10,
    "n_ops": 55
  },
  "qft_16": {
    "hash": "92a58f255ceb7876",
    "norm": 0.9999999999999999,
    "ez0": -0.0,
    "p0": 1.5258789e-05,
    "time_ms": 16.173,
    "n_qubits": 16,
    "n_ops": 136
  },
  "hea_8": {
    "hash": "fdb593c6a6cd4cd1",
    "norm": 0.9999999999999999,
    "ez0": -0.224571461237,
    "p0": 0.003330226174,
    "time_ms": 1.331,
    "n_qubits": 8,
    "n_ops": 115
  },
  "hea_14": {
    "hash": "493f5cbec012d570",
    "norm": 1.0000000000000004,
    "ez0": -0.261529033383,
    "p0": 3.856347e-06,
    "time_ms": 4.571,
    "n_qubits": 14,
    "n_ops": 205
  },
  "hea_20": {
    "hash": "41e3e9e4f884b5e4",
    "norm": 0.9999999999999998,
    "ez0": 0.443463337154,
    "p0": 6.39594e-07,
    "time_ms": 171.406,
    "n_qubits": 20,
    "n_ops": 295
  },
  "clifford_t_10": {
    "hash": "2f086fd06a8e71f0",
    "norm": 0.9999999999999939,
    "ez0": -0.021149271728,
    "p0": 0.000982902164,
    "time_ms": 2.084,
    "n_qubits": 10,
    "n_ops": 299
  },
  "clifford_t_16": {
    "hash": "6aa86a637674785a",
    "norm": 0.9999999999999881,
    "ez0": 0.125,
    "p0": 1.6944919e-05,
    "time_ms": 48.033,
    "n_qubits": 16,
    "n_ops": 480
  },
  "toffoli_6": {
    "hash": "dca70eaf161f0bf0",
    "norm": 0.9999999999999998,
    "ez0": -0.0,
    "p0": 0.015625,
    "time_ms": 0.125,
    "n_qubits": 6,
    "n_ops": 10
  },
  "toffoli_10": {
    "hash": "2025f54d0f3f6943",
    "norm": 0.9999999999999999,
    "ez0": 0.0,
    "p0": 0.0009765625,
    "time_ms": 0.279,
    "n_qubits": 10,
    "n_ops": 18
  },
  "diag_12": {
    "hash": "0a3b612583d9d387",
    "norm": 0.9999999999999987,
    "ez0": 0.0,
    "p0": 0.000244140625,
    "time_ms": 2.576,
    "n_qubits": 12,
    "n_ops": 362
  },
  "diag_20": {
    "hash": "8840ca8745432f18",
    "norm": 0.9999999999999981,
    "ez0": 0.0,
    "p0": 9.53674e-07,
    "time_ms": 103.7,
    "n_qubits": 20,
    "n_ops": 610
  },
  "qaoa_12": {
    "hash": "6dbe70a8cf5dfa01",
    "norm": 0.999999999999999,
    "ez0": -0.0,
    "p0": 5.4607813e-05,
    "time_ms": 2.707,
    "n_qubits": 12,
    "n_ops": 127
  },
  "qaoa_18": {
    "hash": "148e0142c21da370",
    "norm": 0.9999999999999989,
    "ez0": -0.0,
    "p0": 9.014028e-06,
    "time_ms": 112.351,
    "n_qubits": 18,
    "n_ops": 193
  },
  "random_12": {
    "hash": "044fba9582c34496",
    "norm": 0.9999999999999993,
    "ez0": -0.29933235129,
    "p0": 0.000546288345,
    "time_ms": 8.601,
    "n_qubits": 12,
    "n_ops": 372
  },
  "random_18": {
    "hash": "1524f8eda806e650",
    "norm": 0.9999999999999994,
    "ez0": 0.184653125518,
    "p0": 9.171861e-06,
    "time_ms": 149.829,
    "n_qubits": 18,
    "n_ops": 564
  },
  "swap_route_12": {
    "hash": "54ab4723b40b0c1d",
    "norm": 1.0000000000000007,
    "ez0": -0.522147849072,
    "p0": 8.734443e-06,
    "time_ms": 1.935,
    "n_qubits": 12,
    "n_ops": 296
  },
  "swap_route_18": {
    "hash": "fb2aab217b60132c",
    "norm": 0.9999999999999993,
    "ez0": -0.738010369152,
    "p0": 5.9276e-08,
    "time_ms": 46.57,
    "n_qubits": 18,
    "n_ops": 734
  }
}