{
  "ghz_4": {
    "hash": "a56addf9c5311327",
    "norm": 0.9999999999999999,
    "ez0": 0.0,
    "p0": 0.5,
    "time_ms": 0.032,
    "n_qubits": 4,
    "n_ops": 4
  },
  "ghz_12": {
    "hash": "22f89030d70ae315",
    "norm": 0.9999999999999999,
    "ez0": 0.0,
    "p0": 0.5,
    "time_ms": 0.213,
    "n_qubits": 12,
    "n_ops": 12
  },
  "ghz_20": {
    "hash": "b59c76def854a897",
    "norm": 0.9999999999999999,
    "ez0": 0.0,
    "p0": 0.5,
    "time_ms": 0.726,
    "n_qubits": 20,
    "n_ops": 20
  },
  "ghz_23": {
    "hash": "4c667f22768b9764",
    "norm": 0.9999999999999999,
    "ez0": 0.0,
    "p0": 0.5,
    "time_ms": 13.041,
    "n_qubits": 23,
    "n_ops": 23
  },
  "qft_4": {
    "hash": "2d695001dafa9431",
    "norm": 0.9999999999999997,
    "ez0": -0.0,
    "p0": 0.0625,
    "time_ms": 0.042,
    "n_qubits": 4,
    "n_ops": 10
  },
  "qft_10": {
    "hash": "2025f54d0f3f6943",
    "norm": 0.9999999999999999,
    "ez0": 0.0,
    "p0": 0.0009765625,
    "time_ms": 0.616,
    "n_qubits": 10,
    "n_ops": 55
  },
  "qft_16": {
    "hash": "92a58f255ceb7876",
    "norm": 0.9999999999999999,
    "ez0": -0.0,
    "p0": 1.5258789e-05,
    "time_ms": 16.703,
    "n_qubits": 16,
    "n_ops": 136
  },
  "hea_8": {
    "hash": "fdb593c6a6cd4cd1",
    "norm": 0.9999999999999999,
    "ez0": -0.224571461237,
    "p0": 0.003330226174,
    "time_ms": 1.321,
    "n_qubits": 8,
    "n_ops": 115
  },
  "hea_14": {
    "hash": "480b07bc8ba3d121",
    "norm": 1.0000000000000004,
    "ez0": -0.261529033383,
    "p0": 3.856347e-06,
    "time_ms": 5.748,
    "n_qubits": 14,
    "n_ops": 205
  },
  "hea_20": {
    "hash": "e5d1b19515dac4b8",
    "norm": 1.0000000000000002,
    "ez0": 0.443463337154,
    "p0": 6.39594e-07,
    "time_ms": 241.81,
    "n_qubits": 20,
    "n_ops": 295
  },
  "clifford_t_10": {
    "hash": "2f086fd06a8e71f0",
    "norm": 0.9999999999999939,
    "ez0": -0.021149271728,
    "p0": 0.000982902164,
    "time_ms": 4.339,
    "n_qubits": 10,
    "n_ops": 299
  },
  "clifford_t_16": {
    "hash": "51ddc4749c73177d",
    "norm": 0.9999999999999881,
    "ez0": 0.125,
    "p0": 1.6944919e-05,
    "time_ms": 60.119,
    "n_qubits": 16,
    "n_ops": 480
  },
  "toffoli_6": {
    "hash": "dca70eaf161f0bf0",
    "norm": 0.9999999999999998,
    "ez0": -0.0,
    "p0": 0.015625,
    "time_ms": 0.121,
    "n_qubits": 6,
    "n_ops": 10
  },
  "toffoli_10": {
    "hash": "6ba2d4c8179a9d43",
    "norm": 0.9999999999999999,
    "ez0": 0.0,
    "p0": 0.0009765625,
    "time_ms": 0.263,
    "n_qubits": 10,
    "n_ops": 18
  },
  "diag_12": {
    "hash": "e1874bc624cb3ae3",
    "norm": 0.9999999999999987,
    "ez0": 0.0,
    "p0": 0.000244140625,
    "time_ms": 2.486,
    "n_qubits": 12,
    "n_ops": 362
  },
  "diag_20": {
    "hash": "c957af985ce53787",
    "norm": 0.999999999999998,
    "ez0": 0.0,
    "p0": 9.53674e-07,
    "time_ms": 216.563,
    "n_qubits": 20,
    "n_ops": 610
  },
  "qaoa_12": {
    "hash": "c8e0d5f95b13f361",
    "norm": 0.9999999999999994,
    "ez0": -0.0,
    "p0": 5.4607813e-05,
    "time_ms": 3.432,
    "n_qubits": 12,
    "n_ops": 127
  },
  "qaoa_18": {
    "hash": "131aee46f1679911",
    "norm": 0.9999999999999984,
    "ez0": 0.0,
    "p0": 9.014028e-06,
    "time_ms": 140.19,
    "n_qubits": 18,
    "n_ops": 193
  },
  "random_12": {
    "hash": "1ae851797ab54b86",
    "norm": 0.9999999999999997,
    "ez0": -0.29933235129,
    "p0": 0.000546288345,
    "time_ms": 9.607,
    "n_qubits": 12,
    "n_ops": 372
  },
  "random_18": {
    "hash": "6458c4f96f9263e8",
    "norm": 0.9999999999999992,
    "ez0": 0.184653125518,
    "p0": 9.171861e-06,
    "time_ms": 160.502,
    "n_qubits": 18,
    "n_ops": 564
  }
}